NPI,Gender,State,Specialty,ABILIFY,ACETAMINOPHEN.CODEINE,ACYCLOVIR,ADVAIR.DISKUS,AGGRENOX,ALENDRONATE.SODIUM,ALLOPURINOL,ALPRAZOLAM,AMIODARONE.HCL,AMITRIPTYLINE.HCL,AMLODIPINE.BESYLATE,AMLODIPINE.BESYLATE.BENAZEPRIL,AMOXICILLIN,AMOX.TR.POTASSIUM.CLAVULANATE,AMPHETAMINE.SALT.COMBO,ATENOLOL,ATORVASTATIN.CALCIUM,AVODART,AZITHROMYCIN,BACLOFEN,BD.ULTRA.FINE.PEN.NEEDLE,BENAZEPRIL.HCL,BENICAR,BENICAR.HCT,BENZTROPINE.MESYLATE,BISOPROLOL.HYDROCHLOROTHIAZIDE,BRIMONIDINE.TARTRATE,BUMETANIDE,BUPROPION.HCL.SR,BUPROPION.XL,BUSPIRONE.HCL,BYSTOLIC,CARBAMAZEPINE,CARBIDOPA.LEVODOPA,CARISOPRODOL,CARTIA.XT,CARVEDILOL,CEFUROXIME,CELEBREX,CEPHALEXIN,CHLORHEXIDINE.GLUCONATE,CHLORTHALIDONE,CILOSTAZOL,CIPROFLOXACIN.HCL,CITALOPRAM.HBR,CLINDAMYCIN.HCL,CLOBETASOL.PROPIONATE,CLONAZEPAM,CLONIDINE.HCL,CLOPIDOGREL,CLOTRIMAZOLE.BETAMETHASONE,COLCRYS,COMBIVENT.RESPIMAT,CRESTOR,CYCLOBENZAPRINE.HCL,DEXILANT,DIAZEPAM,DICLOFENAC.SODIUM,DICYCLOMINE.HCL,DIGOX,DIGOXIN,DILTIAZEM.24HR.CD,DILTIAZEM.24HR.ER,DILTIAZEM.ER,DILTIAZEM.HCL,DIOVAN,DIPHENOXYLATE.ATROPINE,DIVALPROEX.SODIUM,DIVALPROEX.SODIUM.ER,DONEPEZIL.HCL,DORZOLAMIDE.TIMOLOL,DOXAZOSIN.MESYLATE,DOXEPIN.HCL,DOXYCYCLINE.HYCLATE,DULOXETINE.HCL,ENALAPRIL.MALEATE,ESCITALOPRAM.OXALATE,ESTRADIOL,EXELON,FAMOTIDINE,FELODIPINE.ER,FENOFIBRATE,FENTANYL,FINASTERIDE,FLOVENT.HFA,FLUCONAZOLE,FLUOXETINE.HCL,FLUTICASONE.PROPIONATE,FUROSEMIDE,GABAPENTIN,GEMFIBROZIL,GLIMEPIRIDE,GLIPIZIDE,GLIPIZIDE.ER,GLIPIZIDE.XL,GLYBURIDE,HALOPERIDOL,HUMALOG,HYDRALAZINE.HCL,HYDROCHLOROTHIAZIDE,HYDROCODONE.ACETAMINOPHEN,HYDROCORTISONE,HYDROMORPHONE.HCL,HYDROXYZINE.HCL,IBANDRONATE.SODIUM,IBUPROFEN,INSULIN.SYRINGE,IPRATROPIUM.BROMIDE,IRBESARTAN,ISOSORBIDE.MONONITRATE.ER,JANTOVEN,JANUMET,JANUVIA,KETOCONAZOLE,KLOR.CON.10,KLOR.CON.M10,KLOR.CON.M20,LABETALOL.HCL,LACTULOSE,LAMOTRIGINE,LANSOPRAZOLE,LANTUS,LANTUS.SOLOSTAR,LATANOPROST,LEVEMIR,LEVEMIR.FLEXPEN,LEVETIRACETAM,LEVOFLOXACIN,LEVOTHYROXINE.SODIUM,LIDOCAINE,LISINOPRIL,LISINOPRIL.HYDROCHLOROTHIAZIDE,LITHIUM.CARBONATE,LORAZEPAM,LOSARTAN.HYDROCHLOROTHIAZIDE,LOSARTAN.POTASSIUM,LOVASTATIN,LOVAZA,LUMIGAN,LYRICA,MECLIZINE.HCL,MELOXICAM,METFORMIN.HCL,METFORMIN.HCL.ER,METHADONE.HCL,METHOCARBAMOL,METHOTREXATE,METHYLPREDNISOLONE,METOCLOPRAMIDE.HCL,METOLAZONE,METOPROLOL.SUCCINATE,METOPROLOL.TARTRATE,METRONIDAZOLE,MIRTAZAPINE,MONTELUKAST.SODIUM,MORPHINE.SULFATE,MORPHINE.SULFATE.ER,MUPIROCIN,NABUMETONE,NAMENDA,NAMENDA.XR,NAPROXEN,NASONEX,NEXIUM,NIACIN.ER,NIFEDICAL.XL,NIFEDIPINE.ER,NITROFURANTOIN.MONO.MACRO,NITROSTAT,NORTRIPTYLINE.HCL,NOVOLOG,NOVOLOG.FLEXPEN,NYSTATIN,OLANZAPINE,OMEPRAZOLE,ONDANSETRON.HCL,ONDANSETRON.ODT,ONGLYZA,OXCARBAZEPINE,OXYBUTYNIN.CHLORIDE,OXYBUTYNIN.CHLORIDE.ER,OXYCODONE.ACETAMINOPHEN,OXYCODONE.HCL,OXYCONTIN,PANTOPRAZOLE.SODIUM,PAROXETINE.HCL,PHENOBARBITAL,PHENYTOIN.SODIUM.EXTENDED,PIOGLITAZONE.HCL,POLYETHYLENE.GLYCOL.3350,POTASSIUM.CHLORIDE,PRADAXA,PRAMIPEXOLE.DIHYDROCHLORIDE,PRAVASTATIN.SODIUM,PREDNISONE,PREMARIN,PRIMIDONE,PROAIR.HFA,PROMETHAZINE.HCL,PROPRANOLOL.HCL,PROPRANOLOL.HCL.ER,QUETIAPINE.FUMARATE,QUINAPRIL.HCL,RALOXIFENE.HCL,RAMIPRIL,RANEXA,RANITIDINE.HCL,RESTASIS,RISPERIDONE,ROPINIROLE.HCL,SEROQUEL.XR,SERTRALINE.HCL,SIMVASTATIN,SOTALOL,SPIRIVA,SPIRONOLACTONE,SUCRALFATE,SULFAMETHOXAZOLE.TRIMETHOPRIM,SUMATRIPTAN.SUCCINATE,SYMBICORT,SYNTHROID,TAMSULOSIN.HCL,TEMAZEPAM,TERAZOSIN.HCL,TIMOLOL.MALEATE,TIZANIDINE.HCL,TOLTERODINE.TARTRATE.ER,TOPIRAMATE,TOPROL.XL,TORSEMIDE,TRAMADOL.HCL,TRAVATAN.Z,TRAZODONE.HCL,TRIAMCINOLONE.ACETONIDE,TRIAMTERENE.HYDROCHLOROTHIAZID,VALACYCLOVIR,VALSARTAN,VALSARTAN.HYDROCHLOROTHIAZIDE,VENLAFAXINE.HCL,VENLAFAXINE.HCL.ER,VENTOLIN.HFA,VERAPAMIL.ER,VESICARE,VOLTAREN,VYTORIN,WARFARIN.SODIUM,XARELTO,ZETIA,ZIPRASIDONE.HCL,ZOLPIDEM.TARTRATE,Opioid.Prescriber
1710982582,M,TX,Dentist,0,0,0,0,0,0,0,0,0,0,0,0,0,0,0,0,0,0,0,0,0,0,0,0,0,0,0,0,0,0,0,0,0,0,0,0,0,0,0,0,0,0,0,0,0,0,0,0,0,0,0,0,0,0,0,0,0,0,0,0,0,0,0,0,0,0,0,0,0,0,0,0,0,0,0,0,0,0,0,0,0,0,0,0,0,0,0,0,0,0,0,0,0,0,0,0,0,0,0,0,17,0,0,0,0,0,0,0,0,0,0,0,0,0,0,0,0,0,0,0,0,0,0,0,0,0,0,0,0,0,0,0,0,12,0,0,0,0,0,0,0,0,0,0,0,0,0,0,0,0,0,0,0,0,0,0,0,0,0,0,0,0,0,0,0,0,0,0,0,0,0,0,0,0,0,0,0,0,0,0,0,0,0,0,0,0,0,0,0,0,0,0,0,0,0,0,0,0,0,0,0,0,0,0,0,0,0,0,0,0,0,0,0,0,0,0,0,0,0,0,0,0,0,0,0,0,0,0,0,0,0,0,0,0,0,0,0,0,0,0,0,0,0,0,0,0,0,0,0,0,1
1245278100,F,AL,General Surgery,0,0,0,0,0,0,0,134,0,0,15,0,0,0,0,15,0,0,0,0,0,0,0,0,0,0,0,0,0,0,15,0,0,0,45,0,0,0,11,19,0,0,0,21,0,0,0,16,0,0,0,0,0,0,22,0,20,0,0,0,0,0,0,0,0,0,0,0,0,0,0,0,0,0,0,0,22,14,0,0,0,0,0,0,0,0,31,0,0,63,0,0,0,0,0,0,0,0,0,36,182,0,0,0,0,0,0,0,0,0,0,0,0,0,0,0,0,0,0,0,0,0,0,0,0,0,0,0,31,0,52,45,0,27,0,0,11,0,0,13,0,0,39,0,0,15,0,0,0,0,0,18,0,0,0,0,24,0,0,0,0,0,0,11,0,0,0,0,0,0,0,0,0,0,85,0,0,0,0,0,0,33,87,0,0,0,0,0,0,0,0,13,0,0,0,0,0,23,0,0,0,0,0,0,0,0,0,0,0,0,0,29,51,0,0,0,0,0,0,0,0,0,0,0,0,16,0,0,0,0,36,0,31,0,12,0,0,0,0,0,0,0,0,0,0,0,0,0,0,35,1
1427182161,F,NY,General Practice,0,0,0,0,0,0,0,0,0,0,0,0,0,0,0,0,0,0,0,0,0,0,0,0,0,0,0,0,19,42,0,0,0,0,0,0,0,0,0,0,0,0,0,0,0,0,0,24,0,0,0,0,0,0,0,0,0,0,0,0,0,0,0,0,0,0,0,0,0,0,0,0,0,0,12,0,30,0,0,0,0,0,0,0,0,0,32,0,0,0,0,0,0,0,0,0,0,0,0,0,0,0,0,0,0,0,0,0,0,0,0,0,0,0,0,0,0,0,0,0,0,0,0,0,0,0,0,0,0,0,0,0,0,19,0,0,0,0,0,0,0,0,0,0,0,0,0,0,0,0,0,0,0,0,0,0,0,0,0,0,0,0,0,0,0,0,0,0,0,0,0,0,0,0,0,0,0,0,0,0,0,0,0,0,0,13,0,0,0,0,0,0,0,0,0,0,0,0,0,0,0,0,0,0,0,0,0,0,0,0,0,14,0,0,0,0,0,0,0,0,0,0,0,0,0,0,0,0,0,0,0,0,12,0,0,0,0,0,0,47,0,0,0,0,0,0,0,0,0,25,0
1669567541,M,AZ,Internal Medicine,0,43,0,0,0,21,0,0,0,0,58,0,0,0,0,0,13,0,0,27,0,0,0,0,0,0,0,0,0,0,0,0,0,0,0,0,29,0,0,0,0,0,0,15,0,0,0,0,0,0,0,0,0,21,12,0,0,0,0,0,0,0,0,0,0,0,0,0,0,0,0,0,0,0,0,0,0,0,0,0,0,0,0,13,0,0,0,42,48,81,0,0,0,31,0,0,0,0,15,34,0,0,0,0,0,15,0,0,0,0,0,0,0,0,0,0,0,0,13,0,0,15,0,0,47,0,24,0,0,19,110,0,0,0,0,46,0,0,0,0,0,0,57,0,0,0,0,0,0,0,0,55,0,0,0,22,146,0,0,0,0,0,0,0,0,0,0,0,0,0,16,12,12,0,52,0,0,0,0,15,0,229,29,0,0,0,0,0,0,0,0,0,0,0,13,0,0,0,11,0,0,0,0,0,0,0,25,0,0,0,0,15,80,0,0,0,0,0,0,0,52,18,0,0,0,0,0,0,0,0,90,0,0,16,0,0,0,0,0,0,0,0,0,0,0,0,0,0,0,0,1
1679650949,M,NV,Hematology/Oncology,0,0,0,0,0,0,0,0,0,19,0,0,0,0,0,0,0,0,0,0,0,0,0,0,0,0,0,0,0,0,0,0,0,0,0,0,0,0,0,0,0,0,0,0,0,0,0,0,0,0,0,0,0,0,0,0,0,0,0,0,0,0,0,0,0,0,0,0,0,0,0,0,0,0,0,0,0,0,0,0,0,0,22,0,0,0,0,0,0,0,0,0,0,0,0,0,0,0,0,0,22,0,0,0,0,0,0,0,0,0,0,0,0,0,0,0,0,0,0,0,0,0,0,0,0,0,0,0,0,0,0,0,0,0,0,0,0,0,0,0,0,0,0,0,0,0,0,0,0,0,0,0,0,0,0,0,0,0,0,0,0,0,0,0,0,0,0,0,0,0,0,0,0,0,0,23,0,0,0,0,0,0,22,0,0,0,0,0,0,0,0,0,0,0,0,0,0,0,0,0,0,0,0,0,0,0,0,0,0,0,0,0,0,0,0,0,0,14,0,0,0,0,12,0,0,0,0,0,0,0,0,0,0,0,0,0,0,0,0,0,0,0,0,0,0,17,28,0,0,0,1
1548580897,M,PA,General Surgery,0,0,0,0,0,0,0,0,0,0,0,0,0,0,0,0,0,0,0,0,0,0,0,0,0,0,0,0,0,0,0,0,0,0,0,0,0,0,0,0,0,0,0,0,0,0,0,0,0,0,0,0,0,0,0,0,0,0,0,0,0,0,0,0,0,0,0,0,0,0,0,0,0,0,0,0,0,0,0,0,0,0,0,0,0,0,0,0,0,0,0,0,0,0,0,0,0,0,0,0,0,0,0,0,0,0,0,0,0,0,0,0,0,0,0,0,0,0,0,0,0,0,0,0,0,0,0,0,0,0,0,0,0,0,0,0,0,0,0,0,0,0,0,0,0,0,0,0,0,0,0,0,0,0,0,0,0,0,0,0,0,0,0,0,0,0,0,0,0,0,0,0,0,0,0,0,0,0,0,0,0,25,0,0,0,0,0,0,0,0,0,0,0,0,0,0,0,0,0,0,0,0,0,0,0,0,0,0,0,0,0,0,0,0,0,0,0,0,0,0,0,0,0,0,0,0,0,0,0,0,0,0,0,0,0,0,0,0,0,0,0,0,0,0,0,0,0,0,0,0,1
1437192002,M,NH,Family Practice,0,0,0,25,0,0,47,54,0,0,191,12,0,29,0,43,87,0,29,0,0,18,0,0,0,0,0,0,16,0,0,0,12,0,0,0,27,0,0,11,0,0,0,0,24,0,0,0,0,0,0,0,11,11,0,0,0,0,0,0,0,0,25,0,0,15,0,0,0,0,0,14,0,12,0,46,25,15,0,0,0,0,0,27,11,0,0,12,27,15,19,0,32,29,0,25,0,0,0,82,24,0,0,0,0,13,0,0,0,0,0,0,0,0,0,0,0,0,0,0,0,0,0,0,0,0,0,0,122,0,142,0,0,22,0,49,11,0,0,0,0,15,79,37,0,0,0,0,0,13,117,67,0,0,0,0,0,0,0,0,0,0,0,35,0,0,0,13,12,0,0,0,0,0,106,0,0,0,0,28,0,30,21,0,24,21,0,11,12,0,30,0,0,104,37,0,0,13,0,0,0,13,14,0,0,0,41,0,11,0,0,64,194,12,0,0,0,0,0,0,19,29,0,15,0,0,0,0,15,0,15,0,17,13,19,0,0,0,0,0,0,0,0,0,0,80,0,16,0,38,1
1407113988,F,PA,Nurse Practitioner,0,0,0,0,0,0,0,0,0,0,47,0,0,0,0,0,29,0,0,0,0,0,0,0,0,0,0,0,0,0,0,0,0,0,0,0,0,0,0,0,0,0,0,0,0,0,0,0,0,0,0,0,0,0,0,0,0,0,0,0,0,0,0,0,0,0,0,0,0,0,0,0,0,0,0,0,0,0,0,0,0,11,0,0,0,0,0,11,0,0,0,0,0,0,0,0,0,0,0,0,0,0,0,0,0,0,0,0,0,0,0,0,0,0,0,0,0,0,0,0,14,0,0,0,0,0,0,0,0,0,26,0,0,0,0,0,0,0,0,0,0,0,23,0,0,0,0,0,0,0,0,0,0,11,0,0,0,0,0,0,0,0,0,0,0,0,0,0,0,0,0,0,0,0,14,0,0,0,0,0,0,0,0,0,0,0,0,0,0,0,0,0,0,0,0,0,0,0,0,0,0,0,0,0,0,0,0,0,0,0,0,0,12,0,0,0,0,0,0,0,0,0,0,0,0,0,0,0,0,0,0,0,0,0,0,0,0,0,0,0,0,0,0,0,0,0,0,0,0,0,0
1023260569,M,TX,Optometry,0,0,0,0,0,0,0,0,0,0,0,0,0,0,0,0,0,0,0,0,0,0,0,0,0,0,0,0,0,0,0,0,0,0,0,0,0,0,0,0,0,0,0,26,0,0,0,0,0,0,0,0,0,0,0,0,0,0,0,0,0,0,0,0,0,0,0,0,0,0,16,0,0,0,0,0,0,0,0,0,0,0,0,0,0,0,0,0,0,0,0,0,0,0,0,0,0,0,0,0,0,0,0,0,0,0,0,0,0,0,0,0,0,0,0,0,0,0,0,0,0,0,0,25,0,0,0,0,0,0,0,0,0,0,0,0,0,0,0,0,0,0,0,0,0,0,0,0,0,0,0,0,0,0,0,0,0,0,0,0,0,0,0,0,0,0,0,0,0,0,0,0,0,0,0,0,0,0,0,0,0,0,0,0,0,0,0,0,0,0,0,0,0,0,0,0,0,0,0,0,0,0,0,0,0,0,0,42,0,0,0,0,0,0,0,0,0,0,0,0,0,0,0,0,17,0,0,0,0,0,0,18,0,0,0,0,0,0,0,0,0,0,0,0,0,0,0,0,0,0,0
1821106832,F,WI,Internal Medicine,0,0,0,11,0,15,22,12,0,0,89,0,0,0,0,55,68,0,0,0,0,0,0,0,0,0,0,0,0,0,0,0,0,0,0,0,0,0,0,0,0,0,0,0,26,0,0,0,13,0,0,0,0,15,0,0,13,0,0,11,0,0,27,0,0,0,0,0,0,12,0,0,0,0,11,13,0,0,0,21,0,0,25,0,0,0,34,26,72,47,38,0,0,23,0,0,0,0,23,96,0,0,0,0,0,0,0,0,21,50,0,0,0,0,0,0,0,0,0,0,0,15,0,0,0,0,0,0,153,0,103,0,0,22,0,71,69,0,0,13,0,0,35,13,0,0,0,0,0,0,87,54,0,0,0,0,0,0,0,0,0,0,0,12,0,0,0,0,0,0,0,0,0,0,185,12,0,0,0,13,12,0,11,0,12,27,0,0,0,32,23,0,0,32,19,0,0,0,0,0,0,0,0,0,0,0,20,0,0,0,0,0,91,0,0,23,0,17,0,0,0,18,0,0,0,0,0,0,0,0,28,0,12,11,38,0,0,0,0,0,0,0,0,0,0,56,0,20,0,0,1
1609931914,F,PR,General Practice,0,0,0,0,0,0,0,0,0,0,0,0,0,30,0,0,0,0,43,0,0,0,0,0,0,0,0,0,0,0,0,0,0,0,0,0,0,0,0,32,0,0,0,37,0,0,0,0,0,0,0,0,0,0,0,0,0,0,0,0,0,0,0,0,0,0,0,0,0,0,0,0,0,0,0,0,0,0,0,0,0,0,0,0,0,0,0,0,0,0,0,0,0,0,0,0,0,0,0,0,0,0,0,0,0,0,0,0,0,0,0,0,0,0,0,0,0,0,0,0,0,0,0,0,0,0,0,0,0,0,0,0,0,0,0,0,0,0,0,0,0,0,0,0,0,0,0,39,0,0,0,0,0,0,0,0,0,0,31,0,0,0,0,0,0,0,0,0,0,0,0,0,0,0,0,0,0,0,0,0,0,0,0,0,0,0,0,0,0,0,0,0,0,0,0,0,0,0,0,0,0,0,0,0,0,0,28,0,0,0,0,0,0,0,0,0,0,0,0,0,0,0,0,0,0,0,0,0,0,0,71,0,0,0,0,0,0,0,0,0,0,0,0,0,0,0,0,0,0,0,1
1659334472,M,TX,General Surgery,0,0,0,0,0,0,0,0,0,0,0,0,0,0,0,0,0,0,0,0,0,0,0,0,0,0,0,0,0,0,0,0,0,0,0,0,0,0,0,0,0,0,0,0,0,0,0,0,0,0,0,0,0,0,0,0,0,0,0,0,0,0,0,0,0,0,0,0,0,0,0,0,0,0,0,0,0,0,0,0,0,0,0,0,0,0,0,0,0,0,0,0,0,0,0,0,0,0,0,0,17,0,0,0,0,0,0,0,0,0,0,0,0,0,0,0,0,0,0,0,0,0,0,0,0,0,0,0,0,0,0,0,0,0,0,0,0,0,0,0,0,0,0,0,0,0,0,0,0,0,0,0,0,0,0,0,0,0,0,0,0,0,0,0,0,0,0,0,0,0,0,0,0,0,0,0,0,0,0,0,0,0,0,0,0,0,0,0,0,0,0,0,0,0,0,0,0,0,0,0,0,0,0,0,0,0,0,0,0,0,0,0,0,0,0,0,0,0,0,0,0,0,0,0,0,0,0,0,0,0,0,0,0,0,0,0,0,0,0,0,0,0,0,0,0,0,0,0,0,0,1
1144205303,M,CO,Family Practice,0,14,0,0,0,31,29,30,0,20,128,28,0,15,0,0,223,0,20,0,0,0,0,0,0,0,0,0,0,17,0,41,0,0,0,0,17,0,0,0,0,0,0,0,21,0,0,18,0,49,0,0,0,27,0,0,0,0,0,0,0,0,0,0,0,0,0,0,0,0,0,0,0,0,15,0,33,14,0,0,0,15,14,56,11,0,50,58,36,37,0,17,0,0,0,0,0,0,0,64,109,0,0,0,0,0,0,0,0,0,0,13,14,0,0,0,0,0,0,0,23,12,21,0,0,0,0,0,155,0,177,115,0,21,51,95,37,0,0,0,0,27,35,112,0,0,0,0,0,0,69,64,0,0,20,0,11,0,0,0,0,20,0,12,14,0,0,11,0,0,0,0,0,0,89,0,0,0,0,0,24,22,17,0,60,14,0,0,24,0,22,0,0,63,54,0,0,18,0,12,0,0,0,0,13,0,0,0,0,31,0,23,138,0,20,21,0,0,12,0,0,86,0,34,0,0,0,0,0,0,60,0,57,16,14,0,0,0,0,29,23,0,0,0,0,23,0,0,0,55,1
1548275050,M,OH,Cardiology,0,0,0,0,0,0,0,0,0,0,0,0,0,0,0,0,0,0,0,0,0,0,0,0,0,0,0,0,0,0,0,0,0,0,0,0,0,0,0,0,0,0,0,0,0,0,0,0,0,0,0,0,0,0,0,0,0,0,0,0,0,0,0,0,0,0,0,0,0,0,0,0,0,0,0,0,0,0,0,0,0,0,0,0,0,0,0,0,11,0,0,0,0,0,0,0,0,0,0,0,0,0,0,0,0,0,0,0,0,0,0,0,0,0,0,0,0,0,0,0,0,0,0,0,0,0,0,0,0,0,22,0,0,0,0,0,0,0,0,0,0,0,0,0,0,0,0,0,0,0,14,0,0,0,0,0,0,0,0,0,0,0,0,0,0,0,0,0,0,0,0,0,0,0,0,0,0,0,0,0,0,0,0,0,0,0,0,0,0,0,0,0,0,0,0,0,0,0,0,0,0,0,0,0,0,0,0,0,0,0,0,0,0,0,0,0,0,0,0,0,0,0,0,0,0,0,0,0,0,0,0,0,0,0,0,0,0,0,0,0,0,0,0,0,0,0,0,0,0,0,0
1952598419,F,TX,Hematology/Oncology,0,0,16,0,0,0,0,22,0,0,0,0,0,0,0,0,0,0,21,0,0,0,0,0,0,0,0,0,0,0,0,0,0,0,0,0,0,0,0,0,0,0,0,0,0,0,0,0,0,0,0,0,0,0,0,0,17,0,12,0,0,0,0,0,0,0,11,0,0,0,0,0,0,0,0,0,0,0,0,0,0,0,0,0,0,0,0,0,37,34,0,0,0,0,0,0,0,0,0,11,69,0,13,0,0,0,0,0,0,0,0,0,0,0,0,0,0,0,0,0,0,0,0,0,0,0,0,25,33,0,13,0,0,14,0,0,0,0,0,12,0,0,0,0,0,0,0,0,0,0,0,22,0,11,0,0,37,0,0,0,0,0,0,16,0,0,0,0,0,0,0,0,0,0,0,38,0,0,0,0,0,0,0,0,31,0,0,0,0,0,21,0,0,0,0,0,0,0,17,0,0,0,0,0,0,0,0,0,0,0,0,0,19,0,0,0,0,0,0,0,0,0,0,0,0,0,0,0,0,0,36,0,0,0,0,0,0,0,0,20,0,0,0,0,0,40,54,0,0,12,1
1780661793,M,OH,General Surgery,0,0,0,0,0,0,0,0,0,0,0,0,0,0,0,0,0,0,0,0,0,0,0,0,0,0,0,0,0,0,0,0,0,0,0,0,0,0,0,0,0,0,0,0,0,0,0,0,0,0,0,0,0,0,0,0,0,0,0,0,0,0,0,0,0,0,0,0,0,0,0,0,0,0,0,0,0,0,0,0,0,0,0,0,0,0,0,0,0,0,0,0,0,0,0,0,0,0,0,0,0,0,0,0,0,0,0,0,0,0,0,0,0,0,0,0,0,0,0,0,0,0,0,0,0,0,0,0,0,0,0,0,0,0,0,0,0,0,0,0,0,0,0,0,0,0,0,0,0,0,0,0,0,0,0,0,0,0,0,0,0,0,0,0,0,0,0,0,0,0,0,0,0,0,0,0,0,0,0,0,0,25,0,0,0,0,0,0,0,0,0,0,0,0,0,0,0,0,0,0,0,0,0,0,0,0,0,0,0,0,0,0,0,0,0,0,0,0,0,0,0,0,0,0,0,0,0,0,0,0,0,0,0,0,0,0,0,0,0,0,0,0,0,0,0,0,0,0,0,0,1
1356388011,F,MA,Internal Medicine,0,0,0,0,0,14,0,0,0,0,0,0,0,0,0,0,0,0,0,0,0,0,0,0,0,0,0,0,0,0,0,0,0,0,0,0,0,0,0,0,0,0,0,0,0,0,0,0,0,0,0,0,0,0,0,0,0,0,0,0,0,0,0,0,0,0,0,0,0,0,0,0,0,0,0,0,0,0,0,0,0,0,0,0,0,0,0,0,0,0,0,0,0,0,0,0,0,0,0,0,0,0,0,0,0,0,0,0,0,0,0,0,0,0,0,0,0,0,0,0,0,0,0,0,0,0,0,0,0,0,0,0,0,0,0,0,0,0,0,0,0,0,0,0,0,0,0,0,0,0,0,0,0,0,0,0,0,0,0,0,0,0,0,0,0,0,0,0,0,0,0,0,0,0,0,0,0,0,0,0,0,0,0,0,0,0,0,0,0,0,0,0,0,0,0,0,0,0,0,0,0,0,0,0,0,0,0,0,0,0,0,0,0,0,0,0,0,0,0,0,0,0,0,0,0,0,0,0,0,0,0,0,0,0,0,0,0,0,0,0,0,0,0,0,0,0,0,0,0,0,0
1588788921,M,CT,Hematology/Oncology,0,0,35,0,0,0,0,0,0,0,0,0,0,0,0,0,0,0,0,0,0,0,0,0,0,0,0,0,0,0,0,0,0,0,0,0,0,0,0,0,0,0,0,0,0,0,0,0,0,0,0,0,0,0,0,0,0,0,0,0,0,0,0,0,0,0,0,0,0,0,0,0,0,0,0,0,0,0,0,0,0,0,0,0,0,0,0,0,0,0,0,0,0,0,0,0,0,0,0,0,0,0,0,0,0,0,0,0,0,0,0,0,0,0,0,0,0,0,0,0,0,0,0,0,0,0,0,0,0,0,0,0,0,0,0,0,0,0,0,0,0,0,0,0,0,0,0,0,0,0,0,0,0,0,0,0,0,0,0,0,0,0,0,0,0,0,0,0,0,0,0,0,0,0,0,0,0,0,0,0,0,0,0,0,0,0,0,0,0,0,0,0,0,0,0,0,0,0,0,0,0,0,0,0,0,0,0,0,0,0,0,0,0,0,0,0,0,0,0,0,0,0,0,0,0,0,0,0,0,0,0,0,0,0,0,0,0,0,0,0,0,0,0,0,0,0,0,0,0,0,0
1548238389,M,FL,General Surgery,0,0,0,0,0,0,0,0,0,0,0,0,0,0,0,0,0,0,0,0,0,0,0,0,0,0,0,0,0,0,0,0,0,0,0,0,0,0,0,0,0,0,0,27,0,0,0,0,0,0,0,0,0,0,0,0,0,0,0,0,0,0,0,0,0,0,0,0,0,0,0,0,0,18,0,0,0,0,0,0,0,0,0,0,0,0,0,0,0,0,0,0,0,0,0,0,0,0,0,0,28,0,0,0,0,0,0,0,0,0,0,0,0,0,0,0,0,0,0,0,0,0,0,0,0,0,0,0,0,0,0,0,0,0,0,0,0,0,0,0,0,0,0,0,0,0,0,0,0,0,0,0,0,0,0,0,0,0,0,0,0,0,0,0,0,0,0,0,0,0,0,0,0,0,0,0,0,0,0,0,0,13,0,0,0,0,0,0,0,0,0,0,0,0,0,0,0,0,0,0,0,0,0,0,0,0,0,0,0,0,0,0,0,0,0,0,0,57,0,0,0,0,0,0,0,0,0,0,0,0,0,0,0,0,0,0,0,0,0,0,0,0,0,0,0,0,0,0,0,0,1
1366582587,M,MN,Dentist,0,0,0,0,0,0,0,0,0,0,0,0,0,0,0,0,0,0,0,0,0,0,0,0,0,0,0,0,0,0,0,0,0,0,0,0,0,0,0,0,0,0,0,0,0,0,0,0,0,0,0,0,0,0,0,0,0,0,0,0,0,0,0,0,0,0,0,0,0,0,0,0,0,0,0,0,0,0,0,0,0,0,0,0,0,0,0,0,0,0,0,0,0,0,0,0,0,0,0,0,14,0,0,0,0,0,0,0,0,0,0,0,0,0,0,0,0,0,0,0,0,0,0,0,0,0,0,0,0,0,0,0,0,0,0,0,0,0,0,0,0,0,0,0,0,0,0,0,0,0,0,0,0,0,0,0,0,0,0,0,0,0,0,0,0,0,0,0,0,0,0,0,0,0,0,0,0,0,0,0,0,0,0,0,0,0,0,0,0,0,0,0,0,0,0,0,0,0,0,0,0,0,0,0,0,0,0,0,0,0,0,0,0,0,0,0,0,0,0,0,0,0,0,0,0,0,0,0,0,0,0,0,0,0,0,0,0,0,0,0,0,0,0,0,0,0,0,0,0,0,1
1083907059,M,UT,Obstetrics/Gynecology,0,0,0,0,0,0,0,0,0,0,0,0,0,0,0,0,0,0,0,0,0,0,0,0,0,0,0,0,0,0,0,0,0,0,0,0,0,0,0,0,0,0,0,0,0,0,0,0,0,0,0,0,0,0,0,0,0,0,0,0,0,0,0,0,0,0,0,0,0,0,0,0,0,0,0,0,0,0,0,0,0,0,0,0,0,0,0,0,0,0,0,0,0,0,0,0,0,0,0,0,0,0,0,0,0,0,0,0,0,0,0,0,0,0,0,0,0,0,0,0,0,0,0,0,0,0,0,0,0,0,0,0,0,0,0,0,0,0,0,0,0,0,0,0,0,0,0,0,0,0,0,0,0,0,0,0,0,0,0,0,0,0,0,0,0,0,0,0,0,0,0,0,0,0,0,0,0,0,0,0,0,0,11,0,0,0,0,0,0,0,0,0,0,0,0,0,0,0,0,0,0,0,0,0,0,0,0,0,0,0,0,0,0,0,0,0,0,0,0,0,0,0,0,0,0,0,0,0,0,0,0,0,0,0,0,0,0,0,0,0,0,0,0,0,0,0,0,0,0,0,1
1598748931,F,AL,Family Practice,0,0,0,20,0,68,17,64,0,15,154,22,0,0,11,37,145,0,0,0,0,12,0,0,0,0,0,0,0,12,0,17,0,0,0,0,59,0,12,0,0,0,0,12,22,0,0,26,25,17,0,0,0,56,0,0,28,0,0,0,0,20,0,0,0,0,0,0,0,38,0,13,0,0,41,0,29,23,20,0,0,25,0,0,0,0,45,55,75,51,17,27,0,11,0,0,0,0,0,27,86,0,0,0,0,0,0,0,0,0,0,28,12,0,0,0,16,0,0,0,0,0,0,0,0,0,0,0,174,0,131,46,0,15,70,63,23,11,0,24,0,56,45,21,0,0,0,26,0,0,57,29,11,22,51,0,0,0,0,0,13,0,0,35,0,0,0,12,0,0,0,0,0,0,169,0,0,13,0,14,0,13,0,0,32,20,0,0,0,0,23,0,0,107,0,12,0,15,0,0,17,16,0,47,17,0,20,0,0,15,0,53,65,0,0,15,0,19,0,0,58,35,14,0,0,0,0,0,0,0,40,0,0,0,32,11,0,31,0,18,0,0,0,0,0,27,13,22,0,57,1
1609121748,F,IA,Nurse Practitioner,0,0,0,0,0,0,0,0,0,0,0,0,0,28,0,0,0,0,38,0,0,0,0,0,0,0,0,0,0,0,0,0,0,0,0,0,0,0,0,0,0,0,0,14,0,0,0,0,0,0,0,0,0,0,0,0,0,0,0,0,0,0,0,0,0,0,0,0,0,0,0,0,0,0,0,0,0,0,0,0,0,0,0,0,0,0,0,0,0,0,0,0,0,0,0,0,0,0,0,0,0,0,0,0,0,0,0,0,0,0,0,0,0,0,0,0,0,0,0,0,0,0,0,0,0,0,0,0,0,0,0,0,0,0,0,0,0,0,0,0,0,0,0,0,0,0,0,0,0,0,0,0,0,0,0,0,0,0,0,0,0,0,0,0,0,0,0,15,0,0,0,0,0,0,0,0,0,0,0,0,0,0,0,0,0,0,0,0,0,0,0,0,0,0,77,0,0,0,0,0,0,0,0,0,0,0,0,0,0,0,0,0,0,0,0,0,0,28,0,0,0,0,0,0,0,0,0,0,0,0,0,0,0,0,0,0,0,0,0,0,0,0,0,0,0,0,0,0,0,0,0
1063566727,F,IL,Podiatry,0,0,0,0,0,0,0,0,0,0,0,0,0,13,0,0,0,0,0,0,0,0,0,0,0,0,0,0,0,0,0,0,0,0,0,0,0,0,0,13,0,0,0,0,0,0,0,0,0,0,0,0,0,0,0,0,0,0,0,0,0,0,0,0,0,0,0,0,0,0,0,0,0,0,0,0,0,0,0,0,0,0,0,0,0,0,0,0,0,21,0,0,0,0,0,0,0,0,0,0,48,0,0,0,0,0,0,0,0,0,0,0,0,33,0,0,0,0,0,0,0,0,0,0,0,0,0,0,0,0,0,0,0,0,0,0,0,0,0,0,0,0,0,0,0,0,0,0,0,0,0,0,0,0,0,0,0,0,0,0,0,0,0,0,0,0,0,0,0,0,0,0,0,0,0,0,0,0,0,0,0,0,0,0,0,0,0,0,0,0,0,0,0,0,16,0,0,0,0,0,0,0,0,0,0,0,0,0,0,0,0,0,0,0,0,0,0,0,0,0,0,0,0,0,0,0,0,0,0,0,0,0,0,0,0,0,0,0,0,0,0,0,0,11,0,0,0,0,0,0,1
1487630919,M,CT,Physician Assistant,0,0,0,0,0,0,0,0,0,16,0,0,0,0,0,0,0,0,0,0,0,0,0,0,0,0,0,0,0,0,0,0,0,0,0,0,0,0,0,0,0,0,0,0,0,0,0,0,0,0,0,0,0,0,0,41,0,0,63,0,0,0,0,0,0,0,16,0,0,0,0,0,0,0,0,0,0,0,0,14,0,0,0,0,0,0,0,0,0,0,0,0,0,0,0,0,0,0,0,0,0,0,0,0,0,0,0,0,0,0,0,0,0,0,0,0,0,0,25,0,15,0,0,0,0,0,0,0,0,0,0,0,0,0,0,0,0,0,0,0,0,0,0,0,0,0,0,0,15,0,0,0,0,0,0,0,0,0,0,0,0,0,0,95,0,0,0,0,0,0,0,0,0,0,142,16,0,0,0,0,0,0,0,0,128,0,0,0,0,14,0,0,0,0,0,0,0,0,12,0,0,0,0,0,0,0,0,0,0,0,0,0,0,0,0,13,0,0,0,0,0,0,0,0,0,0,0,0,0,0,0,0,0,0,0,0,0,0,0,0,0,0,0,0,0,0,0,0,0,0,0
1194795351,F,FL,Nurse Practitioner,0,0,0,0,0,0,0,0,0,0,21,0,0,0,0,0,0,0,0,0,0,0,0,0,0,0,0,0,0,0,0,0,0,0,0,0,0,0,0,0,0,0,0,0,0,0,0,0,0,0,0,0,0,0,0,0,0,0,0,0,0,0,0,0,0,0,0,0,0,0,0,0,0,0,0,0,0,0,0,0,0,0,0,0,0,0,0,0,0,23,0,0,0,0,0,0,0,0,0,0,0,0,0,0,0,0,0,0,0,0,0,0,0,0,0,0,0,0,0,0,0,0,0,0,0,0,0,0,18,0,0,0,0,0,0,0,0,0,0,0,0,0,0,0,0,0,0,0,0,0,0,18,0,0,0,0,0,0,0,0,0,0,0,0,0,0,0,0,0,0,0,0,0,0,11,0,0,0,0,0,0,0,0,0,0,0,0,0,0,0,0,0,0,0,0,0,0,0,0,0,0,0,0,0,0,0,0,0,0,0,0,0,0,0,0,16,0,0,0,0,0,13,0,0,0,0,0,0,0,0,0,0,0,0,0,0,0,0,0,0,0,0,0,0,0,0,0,0,0,0,0
1669671194,M,NY,Diagnostic Radiology,0,0,0,0,0,0,0,0,0,0,0,0,0,0,0,0,19,0,0,0,0,0,0,0,0,0,0,0,0,0,0,0,0,0,0,0,0,0,0,0,0,0,0,0,0,0,0,0,0,0,0,0,0,0,0,0,0,0,0,0,0,0,0,0,0,0,0,0,0,0,0,0,0,0,12,0,0,0,0,0,0,0,0,0,0,0,0,0,0,0,0,0,13,0,0,0,0,0,0,16,0,0,0,0,0,0,0,0,0,0,0,0,0,0,0,0,0,0,0,0,0,0,0,0,0,0,0,0,0,0,0,0,0,0,0,0,0,0,0,0,0,0,18,0,0,0,0,0,0,0,0,14,0,0,0,0,0,0,0,0,0,0,0,0,0,0,0,0,0,0,0,0,0,0,11,0,0,0,0,0,0,0,0,0,0,0,0,0,0,0,0,0,0,0,0,0,0,0,0,0,0,0,0,0,0,0,0,0,0,0,0,0,0,0,0,0,0,0,0,0,0,13,0,0,0,0,0,0,0,0,0,0,11,0,0,0,0,0,0,0,0,0,0,0,0,17,0,0,0,0,0
1629394754,M,NY,Student in an Organized Health Care Education/Training Program,0,0,0,0,0,0,0,0,0,0,0,0,0,0,0,0,0,0,0,0,0,0,0,0,0,0,0,0,0,0,0,0,0,0,0,0,0,0,0,0,0,0,0,0,0,0,0,0,0,0,0,0,0,0,0,0,0,0,0,0,0,0,0,0,0,0,0,0,0,0,0,0,0,0,0,0,0,0,0,0,0,0,0,0,0,0,0,0,0,0,0,0,0,0,0,0,0,0,0,0,0,0,0,0,0,0,0,0,0,0,0,0,0,0,0,0,0,0,0,0,0,0,0,0,0,0,0,0,0,0,0,0,0,0,0,0,0,0,0,0,0,0,0,0,0,0,0,0,0,0,0,0,0,0,0,0,0,0,0,0,0,0,0,0,0,0,0,0,0,0,0,0,0,0,0,0,0,0,0,0,0,0,0,0,0,0,0,0,0,0,0,0,0,0,0,0,0,0,0,0,0,0,0,0,0,0,0,0,0,0,0,0,0,0,0,0,0,0,0,0,0,19,0,0,0,0,0,0,0,0,0,0,0,0,0,0,0,0,0,0,0,0,0,0,0,0,0,0,0,0,1
1174555080,F,FL,Internal Medicine,0,0,63,16,0,12,11,0,0,0,17,0,0,0,0,0,0,0,0,0,0,0,0,0,0,0,0,0,0,0,0,0,0,0,0,0,0,0,0,0,0,0,0,12,11,0,0,0,0,0,0,0,0,0,0,0,0,0,0,0,0,0,0,0,0,0,0,0,0,0,0,0,0,0,0,0,0,0,0,0,0,13,0,0,0,0,0,0,0,18,0,0,0,0,0,0,0,0,0,0,0,0,0,0,0,0,0,0,0,0,0,0,0,0,0,0,0,0,0,0,0,0,0,0,0,0,0,17,0,0,0,0,0,0,0,0,0,0,0,0,0,0,0,0,0,0,0,0,0,0,0,19,0,0,42,0,0,0,0,0,0,0,0,0,0,0,0,0,0,0,0,0,0,0,25,0,0,0,0,0,0,0,20,0,0,0,0,0,0,0,0,0,0,0,0,0,0,0,0,0,0,0,0,0,0,0,0,0,0,0,0,13,17,0,0,0,0,77,0,0,0,0,0,0,0,0,0,0,0,0,0,0,0,0,0,0,0,0,0,0,0,0,0,0,0,0,0,0,0,0,1
1508170895,F,CO,Dentist,0,0,0,0,0,0,0,0,0,0,0,0,14,0,0,0,0,0,0,0,0,0,0,0,0,0,0,0,0,0,0,0,0,0,0,0,0,0,0,0,0,0,0,0,0,0,0,0,0,0,0,0,0,0,0,0,0,0,0,0,0,0,0,0,0,0,0,0,0,0,0,0,0,0,0,0,0,0,0,0,0,0,0,0,0,0,0,0,0,0,0,0,0,0,0,0,0,0,0,0,0,0,0,0,0,0,0,0,0,0,0,0,0,0,0,0,0,0,0,0,0,0,0,0,0,0,0,0,0,0,0,0,0,0,0,0,0,0,0,0,0,0,0,0,0,0,0,0,0,0,0,0,0,0,0,0,0,0,0,0,0,0,0,0,0,0,0,0,0,0,0,0,0,0,0,0,0,0,0,0,0,0,0,0,0,0,0,0,0,0,0,0,0,0,0,0,0,0,0,0,0,0,0,0,0,0,0,0,0,0,0,0,0,0,0,0,0,0,0,0,0,0,0,0,0,0,0,0,0,0,0,0,0,0,0,0,0,0,0,0,0,0,0,0,0,0,0,0,0,0,0
1871548537,F,MT,Internal Medicine,0,0,0,0,0,0,0,0,0,0,24,0,0,0,0,0,0,0,0,0,0,0,0,0,0,0,0,0,0,0,0,0,0,0,0,0,0,0,0,0,0,0,0,0,0,0,0,0,0,0,0,0,0,0,0,0,0,0,0,0,0,0,0,0,0,0,0,0,0,0,0,0,0,0,0,0,0,0,0,0,0,0,0,0,0,0,0,0,19,14,0,0,0,0,0,0,0,0,0,0,13,0,0,0,0,0,0,0,0,11,0,0,0,0,0,0,0,0,0,0,0,0,0,0,0,0,0,0,33,11,0,0,0,0,0,11,0,0,0,0,0,0,0,0,0,0,0,0,0,0,0,22,0,0,0,0,0,0,0,0,0,0,0,0,0,0,0,0,0,0,0,15,0,0,22,0,0,0,0,0,0,0,0,0,0,0,0,0,0,0,0,0,0,0,0,0,0,0,0,0,0,15,0,0,0,0,0,0,0,0,0,0,19,0,0,0,0,0,0,0,0,11,0,0,0,0,0,0,0,0,18,0,0,0,0,0,0,0,0,0,0,0,0,0,0,37,0,0,0,0,1
1841349677,F,IN,Nurse Practitioner,0,0,0,0,0,0,0,0,0,23,0,0,0,0,0,0,0,0,0,0,0,0,0,0,0,0,0,0,0,0,0,0,0,0,0,0,0,0,0,0,0,0,0,0,0,0,0,14,0,0,0,0,0,0,0,0,0,0,0,0,0,0,0,0,0,0,0,0,0,0,0,0,0,0,0,0,0,0,0,0,0,0,24,0,0,0,0,0,0,0,0,0,0,0,0,0,0,0,0,0,37,0,12,0,0,0,0,0,0,0,0,0,0,0,0,0,0,0,0,0,0,0,0,0,0,0,0,0,0,0,0,0,0,24,0,0,0,0,0,0,0,0,0,0,152,0,0,0,0,0,0,0,0,0,0,56,93,0,0,0,0,0,0,0,0,0,0,0,0,0,0,0,0,0,0,0,0,0,0,0,0,0,131,82,0,0,0,0,0,0,0,0,0,0,0,0,0,0,0,0,0,0,0,0,0,0,0,0,0,0,0,0,0,0,0,0,0,0,0,0,0,0,29,0,0,0,0,0,0,0,0,0,0,0,0,0,0,0,0,0,0,0,0,0,0,0,0,0,0,0,1
1801816095,M,FL,Neurology,0,0,0,0,0,0,0,0,0,19,0,0,0,0,0,0,0,0,0,0,0,0,0,0,0,0,0,0,0,0,0,0,0,0,0,0,0,0,0,0,0,0,0,0,0,0,0,0,0,0,0,0,0,0,0,0,0,0,0,0,0,0,0,0,0,0,0,0,0,0,0,0,0,0,0,0,0,0,0,0,0,0,0,0,0,0,0,0,0,15,0,0,0,0,0,0,0,0,0,0,0,0,0,0,0,0,0,0,0,0,0,0,0,0,0,0,0,0,0,0,0,0,0,0,0,0,0,0,0,0,0,0,0,0,0,0,0,0,0,0,0,0,0,0,0,0,0,0,0,0,0,0,0,0,0,0,0,0,0,0,0,0,0,0,0,0,0,0,0,15,0,0,0,0,0,0,0,0,0,0,0,0,0,0,0,0,0,0,0,0,0,0,0,0,23,0,0,0,0,0,0,0,0,0,0,0,0,0,0,0,0,0,0,0,0,0,0,0,0,0,0,0,0,0,0,0,0,0,0,0,0,0,0,0,0,0,0,0,0,0,0,0,0,0,0,0,0,0,0,0,0
1629038443,M,VA,General Surgery,0,0,0,0,0,0,0,0,0,0,0,0,0,0,0,0,0,0,0,0,0,0,0,0,0,0,0,0,0,0,0,0,0,0,0,0,0,0,0,0,0,0,0,0,0,0,0,0,0,0,0,0,0,0,0,0,0,0,0,0,0,0,0,0,0,0,0,0,0,0,0,0,0,0,0,0,0,0,0,0,0,0,0,0,0,0,0,0,0,0,0,0,0,0,0,0,0,0,0,0,0,0,0,0,0,0,0,0,0,0,0,0,0,0,0,0,0,0,0,0,0,0,0,0,0,0,0,0,0,0,0,0,0,0,0,0,0,0,0,0,0,0,0,0,0,0,0,0,0,0,0,0,0,0,0,0,0,0,0,0,0,0,0,0,0,0,0,0,0,0,0,0,0,0,0,0,0,0,0,0,0,0,0,0,0,0,0,0,0,0,0,0,0,0,0,0,0,0,0,0,0,0,0,0,0,0,0,0,0,0,0,0,0,0,0,0,0,21,0,0,0,0,0,0,0,0,0,0,0,0,0,0,0,43,0,0,0,0,0,0,0,0,0,0,0,0,0,0,0,0,1
1386607315,F,FL,Neurology,0,0,0,0,0,13,0,0,0,163,0,0,0,0,0,0,0,0,0,48,0,0,0,0,0,0,0,0,0,0,0,0,18,35,0,0,0,0,0,0,0,0,0,0,16,0,0,16,0,0,0,0,0,0,0,0,14,0,0,0,0,0,0,0,0,0,0,0,0,39,0,0,0,0,49,0,0,0,0,0,0,0,0,0,0,0,0,0,0,109,0,0,0,0,0,0,0,0,0,0,0,0,0,0,0,0,0,0,0,0,0,0,0,0,0,0,0,0,0,32,0,0,0,0,0,0,112,0,0,0,0,0,0,0,0,0,0,12,0,50,0,87,0,0,0,0,0,0,0,0,0,0,0,0,0,0,0,0,0,0,0,0,0,0,0,0,0,0,0,0,0,0,0,0,0,0,0,0,0,0,0,0,0,0,0,0,0,19,0,0,0,0,0,0,0,0,67,0,0,13,0,16,0,0,0,0,18,0,0,42,0,35,24,0,0,0,0,0,21,0,0,0,0,0,0,24,0,63,0,0,0,0,25,0,0,0,0,0,0,0,0,0,0,0,0,0,0,0,0,0,1
1811005366,M,CA,Internal Medicine,0,0,0,0,0,0,0,0,0,0,0,0,0,0,0,0,0,0,0,0,0,0,0,0,0,0,0,0,0,0,0,0,0,0,0,0,0,0,0,0,0,0,0,0,0,0,0,0,0,0,0,0,0,0,0,0,0,0,0,0,0,0,0,0,0,0,0,0,0,0,0,0,0,0,0,0,0,0,0,0,0,0,0,0,0,0,0,0,0,0,0,0,0,0,0,0,0,0,0,0,0,0,0,0,0,0,0,0,0,0,0,0,0,0,0,0,0,0,0,0,0,0,0,0,0,0,0,0,0,0,0,0,0,0,0,0,0,0,0,0,0,0,0,0,0,0,0,0,0,0,0,0,0,0,0,0,0,0,0,0,0,0,0,0,0,0,0,0,0,0,0,0,0,0,12,0,0,0,0,0,0,0,0,0,0,0,0,0,0,0,0,0,0,0,0,0,0,0,0,0,0,0,0,0,0,0,0,0,0,0,0,0,0,0,0,0,0,0,0,0,0,0,0,0,0,0,0,0,0,0,0,0,0,0,0,0,0,0,0,0,0,0,0,0,0,0,0,0,0,0,0
1902018518,F,NV,Nurse Practitioner,294,0,0,0,0,0,0,13,0,15,0,0,0,0,0,0,0,0,0,13,0,0,0,0,165,0,0,0,150,0,61,0,26,0,0,0,0,0,0,0,0,0,0,0,87,0,0,242,14,0,0,0,0,0,12,0,41,0,0,0,0,0,0,0,0,0,0,33,124,0,0,0,24,0,124,0,179,0,0,0,0,0,0,0,0,0,148,0,0,75,0,0,0,0,0,0,47,0,0,0,0,0,0,0,0,0,0,0,0,0,0,0,0,0,0,0,0,0,0,138,0,0,0,0,0,0,0,0,19,0,0,0,42,45,0,0,0,0,0,0,0,0,0,0,0,0,0,0,0,0,0,0,0,72,0,0,0,0,0,0,0,0,0,0,0,0,0,0,0,0,0,0,0,168,0,0,0,0,0,0,0,0,0,0,0,45,0,0,0,0,0,0,0,0,0,0,0,0,0,38,0,176,0,0,0,0,0,0,176,0,0,163,0,0,0,0,0,0,0,0,0,0,63,0,0,0,0,77,0,0,0,0,262,0,0,0,0,0,28,31,0,0,0,0,0,0,0,0,95,192,0
1295852101,M,IN,General Surgery,0,0,0,0,0,0,0,0,0,0,0,0,0,0,0,0,0,0,0,0,0,0,0,0,0,0,0,0,0,0,0,0,0,0,0,0,0,0,0,0,0,0,0,0,0,0,0,0,0,0,0,0,0,0,0,0,0,0,0,0,0,0,0,0,0,0,0,0,0,0,0,0,0,0,0,0,0,0,0,0,0,0,0,0,0,0,0,0,0,0,0,0,0,0,0,0,0,0,0,0,53,0,0,0,0,0,0,0,0,0,0,0,0,0,0,0,0,0,0,0,0,0,0,0,0,0,0,0,0,0,0,0,0,0,0,0,0,0,0,0,0,0,0,0,0,0,0,0,0,0,0,0,0,0,0,0,0,0,0,0,0,0,0,0,0,0,0,0,0,0,0,0,0,0,0,0,0,0,0,0,0,0,0,0,0,0,0,0,0,0,0,0,0,0,0,0,0,0,0,0,0,0,0,0,0,0,0,0,0,0,0,0,0,0,0,0,0,0,0,0,0,0,0,0,0,0,0,0,0,0,0,0,0,0,0,0,0,0,0,0,0,0,0,0,0,0,0,0,0,0,1
1467448381,F,OR,Physician Assistant,0,0,0,0,0,48,22,0,0,22,87,0,0,0,0,65,75,0,12,0,11,0,0,0,0,0,0,0,13,20,0,0,0,0,12,0,23,0,0,11,0,15,0,0,56,0,0,0,17,0,0,0,0,16,0,0,28,0,0,0,0,0,0,13,0,0,0,0,0,0,0,0,0,0,21,0,0,0,0,12,0,0,0,0,0,0,34,15,97,38,0,0,37,0,0,0,0,0,0,39,55,0,0,0,13,0,0,0,0,0,0,0,0,0,0,0,0,0,0,0,0,33,51,0,0,0,0,0,179,29,144,41,0,16,23,66,78,0,0,0,0,0,39,0,0,0,0,0,0,0,31,44,0,0,14,0,0,0,0,0,0,0,0,0,0,0,0,0,0,0,0,25,0,0,96,0,0,0,0,0,11,19,15,0,0,0,0,0,25,0,23,0,0,79,24,0,0,22,0,0,0,25,0,0,0,0,0,0,14,12,0,21,54,0,14,20,0,0,0,0,0,19,0,14,0,0,0,0,0,0,15,0,0,21,14,0,0,0,15,13,16,0,12,0,0,51,0,12,0,0,1
1285675637,M,NE,Family Practice,11,0,0,119,0,14,60,63,30,80,184,32,22,37,0,38,116,13,31,0,0,19,0,0,0,26,0,31,0,0,0,94,0,0,0,0,189,0,0,0,0,28,0,22,35,0,0,0,16,68,0,0,11,59,0,0,0,0,0,0,41,0,0,0,0,12,0,0,0,22,0,0,17,0,21,43,22,0,0,0,11,22,0,0,0,21,46,29,234,26,23,46,22,14,0,0,0,0,0,40,90,0,0,17,0,21,0,0,0,21,0,0,0,0,21,0,0,0,47,0,0,57,15,11,0,0,24,38,194,0,234,33,0,0,39,53,0,12,0,0,0,64,143,12,0,0,0,0,0,0,29,110,16,24,28,0,0,0,0,16,0,40,0,48,0,0,0,0,30,0,16,0,0,0,242,0,0,0,0,0,0,0,13,0,98,0,0,25,79,58,65,0,0,15,33,28,0,40,0,0,0,36,0,11,54,0,59,0,0,0,0,48,161,0,84,45,38,37,0,21,0,92,0,0,0,0,0,0,0,0,153,0,57,0,44,0,0,0,0,28,0,11,0,0,0,176,13,0,0,34,1
1669400792,F,MI,Certified Nurse Midwife,0,0,0,0,0,0,0,0,0,0,0,0,0,0,0,0,0,0,0,0,0,0,0,0,0,0,0,0,13,0,0,0,0,0,0,0,0,0,0,0,0,0,0,0,0,0,0,0,0,0,0,0,0,0,0,0,0,0,0,0,0,0,0,0,0,0,0,0,0,0,0,0,0,0,0,0,0,94,0,0,0,0,0,0,0,0,0,0,0,0,0,0,0,0,0,0,0,0,0,0,0,0,0,0,11,0,0,0,0,0,0,0,0,0,0,0,0,0,0,0,0,0,0,0,0,0,0,0,0,0,0,0,0,0,0,0,0,0,0,0,0,0,0,0,0,0,0,0,0,0,0,0,0,0,0,0,0,0,0,0,0,0,0,0,0,0,0,0,0,0,0,0,0,0,0,0,0,0,0,17,14,0,0,0,0,0,0,0,0,0,0,0,0,0,0,43,0,0,0,0,0,0,0,0,0,0,0,0,0,0,0,0,0,0,0,0,0,0,0,0,0,0,0,0,0,0,0,0,0,0,0,0,0,0,0,0,0,0,0,0,0,0,0,0,0,0,0,0,0,0,0
1598863342,F,NM,Nurse Practitioner,0,0,15,0,0,0,0,0,0,0,0,0,0,0,0,0,0,0,0,0,0,0,0,0,0,0,0,0,0,0,0,0,0,0,0,0,0,0,0,0,0,0,0,0,11,0,0,0,0,0,0,0,0,0,0,0,0,0,0,0,0,0,0,0,0,0,0,0,0,0,0,0,0,0,0,0,0,0,0,0,0,0,0,0,0,0,0,0,0,0,0,0,0,0,0,0,0,0,0,0,0,0,0,0,0,0,0,0,0,0,0,0,0,0,0,0,0,0,0,0,0,0,0,0,0,0,0,0,15,0,0,0,0,0,0,0,0,0,0,0,0,0,0,0,0,0,0,0,0,0,0,0,0,0,0,0,0,0,0,0,0,0,0,0,0,0,0,0,0,0,0,0,0,0,0,0,0,0,0,0,0,0,0,0,0,0,0,0,0,0,0,0,0,0,0,0,0,0,0,0,0,0,0,0,0,0,0,0,0,0,0,0,0,0,0,0,0,0,0,0,0,0,0,0,0,0,0,0,0,0,0,0,0,0,0,0,0,0,0,0,0,0,0,0,0,0,0,0,0,19,0
1891112496,M,PA,Physician Assistant,0,0,0,0,0,0,0,0,0,0,21,0,0,0,0,0,0,0,0,0,0,0,0,0,0,0,0,0,0,0,0,0,0,0,0,0,0,0,0,0,0,0,0,0,0,0,0,0,0,0,0,0,0,0,0,0,0,0,0,0,0,0,0,0,0,0,0,0,0,0,0,0,0,0,0,0,0,0,0,0,0,0,0,0,0,0,0,0,0,0,0,0,0,0,0,0,0,0,0,0,0,0,0,0,0,0,0,0,0,0,0,0,0,0,0,0,0,0,0,0,0,0,0,0,0,0,0,0,0,0,12,0,0,0,0,0,0,0,0,0,0,0,0,0,0,0,0,0,0,0,0,0,0,0,0,0,0,0,0,0,0,0,0,0,0,0,0,0,0,0,0,0,0,0,15,0,0,0,0,0,0,0,0,0,0,0,0,0,0,0,0,0,0,0,0,0,0,0,0,0,0,0,0,0,0,0,0,0,0,0,0,0,0,0,0,0,0,0,0,0,0,0,0,0,0,0,0,0,0,0,0,0,0,0,0,0,0,0,0,0,0,0,0,0,0,0,0,0,0,0,0
1235270554,M,CA,Dentist,0,0,0,0,0,0,0,0,0,0,0,0,0,0,0,0,0,0,0,0,0,0,0,0,0,0,0,0,0,0,0,0,0,0,0,0,0,0,0,0,0,0,0,0,0,0,0,0,0,0,0,0,0,0,0,0,0,0,0,0,0,0,0,0,0,0,0,0,0,0,0,0,0,22,0,0,0,0,0,0,0,0,0,0,0,0,0,0,0,0,0,0,0,0,0,0,0,0,0,0,0,0,0,0,0,0,0,0,0,0,0,0,0,0,0,0,0,0,0,0,0,0,0,0,0,0,0,0,0,0,0,0,0,0,0,0,0,0,0,0,0,0,0,0,0,0,0,0,0,0,0,0,0,0,0,0,0,0,0,0,0,0,0,0,0,0,0,0,0,0,0,0,0,0,0,0,0,0,0,0,0,0,0,0,0,0,0,0,0,0,0,0,0,0,0,0,0,0,0,0,0,0,0,0,0,0,0,0,0,0,0,0,0,0,0,0,0,0,0,0,0,0,0,0,0,0,0,0,0,0,0,0,0,0,0,0,0,0,0,0,0,0,0,0,0,0,0,0,0,0,0
1679630891,F,TN,Nurse Practitioner,0,0,0,0,0,0,0,72,0,16,69,0,0,12,0,17,24,0,0,0,0,0,0,0,0,0,0,0,0,0,0,0,0,0,0,0,24,0,0,0,0,0,0,0,29,0,0,17,14,20,0,0,0,12,0,0,0,0,0,0,0,0,0,0,0,0,0,11,0,0,0,0,0,0,20,0,0,0,0,0,0,0,0,0,0,0,21,0,35,35,0,0,0,0,0,14,0,0,0,31,104,0,0,0,0,0,0,0,0,0,0,0,0,0,0,0,0,0,0,0,0,0,0,0,0,0,0,0,80,0,46,24,0,0,0,22,0,0,0,11,0,22,32,35,0,0,0,0,0,0,0,42,0,0,0,0,0,0,0,0,0,0,0,26,0,0,0,0,0,0,0,0,0,0,45,0,0,0,0,0,17,21,36,0,25,0,0,0,0,0,31,0,0,0,0,0,0,28,0,0,0,0,0,0,0,0,0,0,0,16,0,0,60,0,17,13,0,0,0,0,0,0,17,16,0,22,0,0,0,0,0,0,26,0,30,0,0,0,0,0,0,0,0,0,0,19,0,0,0,32,1
1235132788,M,NY,Dentist,0,0,0,0,0,0,0,0,0,0,0,0,13,0,0,0,0,0,0,0,0,0,0,0,0,0,0,0,0,0,0,0,0,0,0,0,0,0,0,0,14,0,0,0,0,0,0,0,0,0,0,0,0,0,0,0,0,0,0,0,0,0,0,0,0,0,0,0,0,0,0,0,0,0,0,0,0,0,0,0,0,0,0,0,0,0,0,0,0,0,0,0,0,0,0,0,0,0,0,0,0,0,0,0,0,0,0,0,0,0,0,0,0,0,0,0,0,0,0,0,0,0,0,0,0,0,0,0,0,0,0,0,0,0,0,0,0,0,0,0,0,0,0,0,0,0,0,0,0,0,0,0,0,0,0,0,0,0,0,0,0,0,0,0,0,0,0,0,0,0,0,0,0,0,0,0,0,0,0,0,0,0,0,0,0,0,0,0,0,0,0,0,0,0,0,0,0,0,0,0,0,0,0,0,0,0,0,0,0,0,0,0,0,0,0,0,0,0,0,0,0,0,0,0,0,0,0,0,0,0,0,0,0,0,0,0,0,0,0,0,0,0,0,0,0,0,0,0,0,0,0
1346496197,F,IL,Rheumatology,0,0,0,0,0,24,19,0,0,0,0,0,0,0,0,0,0,0,0,0,0,0,0,0,0,0,0,0,0,0,0,0,0,0,0,0,0,0,0,0,0,0,0,0,0,0,0,0,0,0,0,0,0,0,0,0,0,20,0,0,0,0,0,0,0,0,0,0,0,0,0,0,0,0,0,0,0,0,0,0,0,0,0,0,0,0,0,0,0,0,0,0,0,0,0,0,0,0,0,0,25,0,0,0,0,0,0,0,0,0,0,0,0,0,0,0,0,0,0,0,0,0,0,0,0,0,0,0,0,0,0,0,0,0,0,0,0,0,0,0,0,18,0,0,0,0,109,0,0,0,0,0,0,0,0,0,0,0,0,0,0,37,0,0,0,0,0,0,0,0,0,0,0,0,0,0,0,0,0,0,0,0,0,0,0,0,0,0,0,0,0,0,0,0,114,0,0,0,0,0,0,0,0,0,0,0,0,0,0,0,0,0,0,0,0,0,0,0,0,0,0,0,0,0,0,0,0,0,0,0,0,0,0,0,0,0,0,0,0,0,0,0,0,0,0,0,0,0,0,0,1
1922136613,M,CT,Dentist,0,15,0,0,0,0,0,0,0,0,0,0,0,0,0,0,0,0,0,0,0,0,0,0,0,0,0,0,0,0,0,0,0,0,0,0,0,0,0,0,0,0,0,0,0,15,0,0,0,0,0,0,0,0,0,0,0,0,0,0,0,0,0,0,0,0,0,0,0,0,0,0,0,0,0,0,0,0,0,0,0,0,0,0,0,0,0,0,0,0,0,0,0,0,0,0,0,0,0,0,0,0,0,0,0,25,0,0,0,0,0,0,0,0,0,0,0,0,0,0,0,0,0,0,0,0,0,0,0,0,0,0,0,0,0,0,0,0,0,0,0,0,0,0,0,0,0,0,0,0,0,0,0,0,0,0,0,0,0,0,0,0,0,0,0,0,0,0,0,0,0,0,0,0,0,0,0,0,0,0,0,0,0,0,0,0,0,0,0,0,0,0,0,0,0,0,0,0,0,0,0,0,0,0,0,0,0,0,0,0,0,0,0,0,0,0,0,0,0,0,0,0,0,0,0,0,0,0,0,0,0,0,0,0,0,0,0,0,0,0,0,0,0,0,0,0,0,0,0,0,1
1316085228,F,CA,Pharmacist,0,0,0,0,0,0,0,0,0,0,0,0,0,0,0,0,0,0,0,0,0,0,0,0,0,0,0,0,0,0,0,0,0,0,0,0,0,0,0,0,0,0,0,0,0,0,0,0,0,0,0,0,0,0,0,0,0,0,0,0,0,0,0,0,0,0,0,0,0,0,0,0,0,0,0,0,0,0,0,0,0,0,0,0,0,0,0,0,0,0,0,0,0,0,0,0,0,0,0,0,0,0,0,0,0,0,0,0,0,0,0,0,0,0,0,0,0,0,0,0,0,0,0,0,0,0,0,0,0,0,0,0,0,0,0,0,0,0,0,0,0,0,0,0,0,0,0,0,0,0,0,0,0,0,0,0,0,0,0,0,0,0,0,0,0,0,0,0,0,0,0,0,0,0,0,0,0,0,0,0,0,0,0,0,0,0,0,0,0,0,0,0,0,0,0,0,0,0,0,0,0,0,0,0,0,0,0,0,0,0,0,0,0,0,0,0,0,0,0,0,0,0,0,0,0,0,0,0,0,0,0,0,0,0,0,0,0,0,0,0,0,0,0,0,0,103,0,0,0,0,0
